Workbook

Sheet Концепции и оценки
A1: Фаза 1: Выбор концепции проекта
A3: 1. Альтернативы
A4: Код | B4: Концепции
A5: A1 | B5: Система управления заявками на обслуживание
A6: A2 | B6: Фитнес-приложение с геймификацией
A7: A3 | B7: Сервис совместного выбора и просмотра фильмов
A8: A4 | B8: Сервис персонализированных погодных рекомендаций
A11: 2. Критерии и оценка(п - пессимистичная, о - ожидаемая, опт - оптимистичность)
A12: Код | B12: Критерии | H12: Тип | I12: Бохолдин Д.Ю. | L12: Шульга Н.О. | O12: Ушаков Д.С.
I13: п | J13: о | K13: опт | L13: п | M13: о | N13: опт | O13: п | P13: о | Q13: опт
A14: К1 | B14: Масштабируемость | H14: выгода | I14: 4 | J14: 6 | K14: 9 | L14: 5 | M14: 6 | N14: 8 | O14: 6 | P14: 7 | Q14: 8
A15: К2 | B15: Трудоемкость разработки MVP | H15: затраты | I15: 4 | J15: 7 | K15: 10 | L15: 7 | M15: 9 | N15: 10 | O15: 7 | P15: 8 | Q15: 8
A16: К3 | B16: Практическая полезность проекта | H16: выгода | I16: 5 | J16: 7 | K16: 9 | L16: 7 | M16: 8 | N16: 10 | O16: 7 | P16: 8 | Q16: 10
A17: К4 | B17: Функциональная уникальность | H17: выгода | I17: 3 | J17: 7 | K17: 7 | L17: 4 | M17: 6 | N17: 7 | O17: 5 | P17: 6 | Q17: 7
A19: 3. Оценка Альтернатив по критериям (1...10)
A20: Критерии | B20: Альтернативы | D20: Бохолдин Д.Ю. | G20: Шульга Н.О. | J20: Ушаков Д.С.
D21: п | E21: о | F21: опт | G21: п | H21: о | I21: опт | J21: п | K21: о | L21: опт
A22: К1 | B22: A1 | D22: 6 | E22: 7 | F22: 10 | G22: 7 | H22: 8 | I22: 9 | J22: 7 | K22: 8 | L22: 9
A23: K1 | B23: A2 | D23: 2 | E23: 4 | F23: 6 | G23: 6 | H23: 8 | I23: 9 | J23: 6 | K23: 7 | L23: 8
A24: K1 | B24: A3 | D24: 2 | E24: 5 | F24: 6 | G24: 3 | H24: 5 | I24: 7 | J24: 4 | K24: 5 | L24: 7
A25: K1 | B25: A4 | D25: 5 | E25: 7 | F25: 9 | G25: 5 | H25: 7 | I25: 8 | J25: 5 | K25: 6 | L25: 7
A26: К2 | B26: A1 | D26: 6 | E26: 7 | F26: 9 | G26: 3 | H26: 5 | I26: 7 | J26: 7 | K26: 8 | L26: 9
A27: К2 | B27: A2 | D27: 2 | E27: 4 | F27: 6 | G27: 5 | H27: 7 | I27: 9 | J27: 5 | K27: 6 | L27: 7
A28: К2 | B28: A3 | D28: 4 | E28: 6 | F28: 8 | G28: 7 | H28: 9 | I28: 10 | J28: 7 | K28: 8 | L28: 9
A29: К2 | B29: A4 | D29: 4 | E29: 6 | F29: 7 | G29: 5 | H29: 7 | I29: 9 | J29: 5 | K29: 6 | L29: 7
A30: К3 | B30: A1 | D30: 4 | E30: 5 | F30: 7 | G30: 8 | H30: 9 | I30: 10 | J30: 8 | K30: 9 | L30: 10
A31: К3 | B31: A2 | D31: 5 | E31: 7 | F31: 9 | G31: 8 | H31: 9 | I31: 10 | J31: 6 | K31: 8 | L31: 9
A32: К3 | B32: A3 | D32: 4 | E32: 5 | F32: 7 | G32: 5 | H32: 6 | I32: 8 | J32: 5 | K32: 6 | L32: 7
A33: К3 | B33: A4 | D33: 7 | E33: 8 | F33: 9 | G33: 7 | H33: 8 | I33: 9 | J33: 6 | K33: 7 | L33: 8
... A37: К4 | B37: A4 | D37: 6 | E37: 7 | F37: 8 | G37: 7 | H37: 8 | I37: 10 | J37: 7 | K37: 8 | L37: 9

Sheet Topsis
A1: Нечёткий коллективный Topsis
A3: 1. Агрегированные веса критериев (l=min, m =сред. знач, u = max)
A4: Критерий | B4: l | C4: m | D4: u
A5: К1 | B5: =MIN('Концепции и оценки'!I14,'Концепции и оценки'!L14,'Концепции и оценки'!O14) -> 4 | C5: =AVERAGE('Концепции и оценки'!J14,'Концепции и оценки'!M14,'Концепции и оценки'!P14) -> 6.3333333 | D5: =MAX('Концепции и оценки'!K14,'Концепции и оценки'!N14,'Концепции и оценки'!Q14) -> 9
A6: К2 | B6: =MIN('Концепции и оценки'!I15,'Концепции и оценки'!L15,'Концепции и оценки'!O15) -> 4 | C6: =AVERAGE('Концепции и оценки'!J15,'Концепции и оценки'!M15,'Концепции и оценки'!P15) -> 8 | D6: =MAX('Концепции и оценки'!K15,'Концепции и оценки'!N15,'Концепции и оценки'!Q15) -> 10
A7: К3 | B7: =MIN('Концепции и оценки'!I16,'Концепции и оценки'!L16,'Концепции и оценки'!O16) -> 5 | C7: =AVERAGE('Концепции и оценки'!J16,'Концепции и оценки'!M16,'Концепции и оценки'!P16) -> 7.6666667 | D7: =MAX('Концепции и оценки'!K16,'Концепции и оценки'!N16,'Концепции и оценки'!Q16) -> 10
A8: К4 | B8: =MIN('Концепции и оценки'!I17,'Концепции и оценки'!L17,'Концепции и оценки'!O17) -> 3 | C8: =AVERAGE('Концепции и оценки'!J17,'Концепции и оценки'!M17,'Концепции и оценки'!P17) -> 6.3333333 | D8: =MAX('Концепции и оценки'!K17,'Концепции и оценки'!N17,'Концепции и оценки'!Q17) -> 7
A10: Нормализированные веса критериев
A11: Критерий | B11: w(l) | C11: w(m) | D11: w(u) | E11: Тип
A12: К1 | B12: =B5/MAX($D$5:$D$8) -> 0.4 | C12: =C5/MAX($D$5:$D$8) -> 0.63333333 | D12: =D5/MAX($D$5:$D$8) -> 0.9 | E12: Выгода
A13: К2 | B13: =B6/MAX($D$5:$D$8) -> 0.4 | C13: =C6/MAX($D$5:$D$8) -> 0.8 | D13: =D6/MAX($D$5:$D$8) -> 1 | E13: Затраты
A14: К3 | B14: =B7/MAX($D$5:$D$8) -> 0.5 | C14: =C7/MAX($D$5:$D$8) -> 0.76666667 | D14: =D7/MAX($D$5:$D$8) -> 1 | E14: Выгода
A15: К4 | B15: =B8/MAX($D$5:$D$8) -> 0.3 | C15: =C8/MAX($D$5:$D$8) -> 0.63333333 | D15: =D8/MAX($D$5:$D$8) -> 0.7 | E15: Выгода
A17: 2. Агрегированная нечёткая матрица решений
A18: Альтернатив | B18: K1 | E18: K2 | H18: K3 | K18: K4
B19: l | C19: m | D19: u | E19: l | F19: m | G19: u | H19: l | I19: m | J19: u | K19: l | L19: m | M19: u
A20: А1 | B20: =MIN('Концепции и оценки'!D22,'Концепции и оценки'!G22,'Концепции и оценки'!J22) -> 6 | C20: =AVERAGE('Концепции и оценки'!E22,'Концепции и оценки'!H22,'Концепции и оценки'!K22) -> 7.6666667 | D20: =MAX('Концепции и оценки'!F22,'Концепции и оценки'!I22,'Концепции и оценки'!L22) -> 10 | E20: =MIN('Концепции и оценки'!D26,'Концепции и оценки'!G26,'Концепции и оценки'!J26) -> 3 | F20: =AVERAGE('Концепции и оценки'!E26,'Концепции и оценки'!H26,'Концепции и оценки'!K26) -> 6.6666667 | G20: =MAX('Концепции и оценки'!F26,'Концепции и оценки'!I26,'Концепции и оценки'!L26) -> 9 | H20: =MIN('Концепции и оценки'!D30,'Концепции и оценки'!G30,'Концепции и оценки'!J30) -> 4 | I20: =AVERAGE('Концепции и оценки'!E30,'Концепции и оценки'!H30,'Концепции и оценки'!K30) -> 7.6666667 | J20: =MAX('Концепции и оценки'!F30,'Концепции и оценки'!I30,'Концепции и оценки'!L30) -> 10 | K20: =MIN('Концепции и оценки'!D34,'Концепции и оценки'!G34,'Концепции и оценки'!J34) -> 3 | L20: =AVERAGE('Концепции и оценки'!E34,'Концепции и оценки'!H34,'Концепции и оценки'!K34) -> 5 | M20: =MAX('Концепции и оценки'!F34,'Концепции и оценки'!I34,'Концепции и оценки'!L34) -> 7
A21: А2 | B21: =MIN('Концепции и оценки'!D23,'Концепции и оценки'!G23,'Концепции и оценки'!J23) -> 2 | C21: =AVERAGE('Концепции и оценки'!E23,'Концепции и оценки'!H23,'Концепции и оценки'!K23) -> 6.3333333 | D21: =MAX('Концепции и оценки'!F23,'Концепции и оценки'!I23,'Концепции и оценки'!L23) -> 9 | E21: =MIN('Концепции и оценки'!D27,'Концепции и оценки'!G27,'Концепции и оценки'!J27) -> 2 | F21: =AVERAGE('Концепции и оценки'!E27,'Концепции и оценки'!H27,'Концепции и оценки'!K27) -> 5.6666667 | G21: =MAX('Концепции и оценки'!F27,'Концепции и оценки'!I27,'Концепции и оценки'!L27) -> 9 | H21: =MIN('Концепции и оценки'!D31,'Концепции и оценки'!G31,'Концепции и оценки'!J31) -> 5 | I21: =AVERAGE('Концепции и оценки'!E31,'Концепции и оценки'!H31,'Концепции и оценки'!K31) -> 8 | J21: =MAX('Концепции и оценки'!F31,'Концепции и оценки'!I31,'Концепции и оценки'!L31) -> 10 | K21: =MIN('Концепции и оценки'!D35,'Концепции и оценки'!G35,'Концепции и оценки'!J35) -> 3 | L21: =AVERAGE('Концепции и оценки'!E35,'Концепции и оценки'!H35,'Концепции и оценки'!K35) -> 7 | M21: =MAX('Концепции и оценки'!F35,'Концепции и оценки'!I35,'Концепции и оценки'!L35) -> 9
A22: А3 | B22: =MIN('Концепции и оценки'!D24,'Концепции и оценки'!G24,'Концепции и оценки'!J24) -> 2 | C22: =AVERAGE('Концепции и оценки'!E24,'Концепции и оценки'!H24,'Концепции и оценки'!K24) -> 5 | D22: =MAX('Концепции и оценки'!F24,'Концепции и оценки'!I24,'Концепции и оценки'!L24) -> 7 | E22: =MIN('Концепции и оценки'!D28,'Концепции и оценки'!G28,'Концепции и оценки'!J28) -> 4 | F22: =AVERAGE('Концепции и оценки'!E28,'Концепции и оценки'!H28,'Концепции и оценки'!K28) -> 7.6666667 | G22: =MAX('Концепции и оценки'!F28,'Концепции и оценки'!I28,'Концепции и оценки'!L28) -> 10 | H22: =MIN('Концепции и оценки'!D32,'Концепции и оценки'!G32,'Концепции и оценки'!J32) -> 4 | I22: =AVERAGE('Концепции и оценки'!E32,'Концепции и оценки'!H32,'Концепции и оценки'!K32) -> 5.6666667 | J22: =MAX('Концепции и оценки'!F32,'Концепции и оценки'!I32,'Концепции и оценки'!L32) -> 8 | K22: =MIN('Концепции и оценки'!D36,'Концепции и оценки'!G36,'Концепции и оценки'!J36) -> 5 | L22: =AVERAGE('Концепции и оценки'!E36,'Концепции и оценки'!H36,'Концепции и оценки'!K36) -> 7 | M22: =MAX('Концепции и оценки'!F36,'Концепции и оценки'!I36,'Концепции и оценки'!L36) -> 9
A23: А4 | B23: =MIN('Концепции и оценки'!D25,'Концепции и оценки'!G25,'Концепции и оценки'!J25) -> 5 | C23: =AVERAGE('Концепции и оценки'!E25,'Концепции и оценки'!H25,'Концепции и оценки'!K25) -> 6.6666667 | D23: =MAX('Концепции и оценки'!F25,'Концепции и оценки'!I25,'Концепции и оценки'!L25) -> 9 | E23: =MIN('Концепции и оценки'!D29,'Концепции и оценки'!G29,'Концепции и оценки'!J29) -> 4 | F23: =AVERAGE('Концепции и оценки'!E29,'Концепции и оценки'!H29,'Концепции и оценки'!K29) -> 6.3333333 | G23: =MAX('Концепции и оценки'!F29,'Концепции и оценки'!I29,'Концепции и оценки'!L29) -> 9 | H23: =MIN('Концепции и оценки'!D33,'Концепции и оценки'!G33,'Концепции и оценки'!J33) -> 6 | I23: =AVERAGE('Концепции и оценки'!E33,'Концепции и оценки'!H33,'Концепции и оценки'!K33) -> 7.6666667 | J23: =MAX('Концепции и оценки'!F33,'Концепции и оценки'!I33,'Концепции и оценки'!L33) -> 9 | K23: =MIN('Концепции и оценки'!D37,'Концепции и оценки'!G37,'Концепции и оценки'!J37) -> 6 | L23: =AVERAGE('Концепции и оценки'!E37,'Концепции и оценки'!H37,'Концепции и оценки'!K37) -> 7.6666667 | M23: =MAX('Концепции и оценки'!F37,'Концепции и оценки'!I37,'Концепции и оценки'!L37) -> 10
A25: 3. Нормализированная матрицы решений
A26: Альтернатив | B26: K1 | E26: K2 | H26: K3 | K26: K4
B27: l | C27: m | D27: u | E27: l | F27: m | G27: u | H27: l | I27: m | J27: u | K27: l | L27: m | M27: u
A28: А1 | B28: =B20/MAX($D$20:$D$23) -> 0.6 | C28: =C20/MAX($D$20:$D$23) -> 0.76666667 | D28: =D20/MAX($D$20:$D$23) -> 1 | E28: =MIN($E$20:$E$23)/G20 -> 0.22222222 | F28: =MIN($E$20:$E$23)/F20 -> 0.3 | G28: =MIN($E$20:$E$23)/E20 -> 0.66666667 | H28: =H20/MAX($J$20:$J$23) -> 0.4 | I28: =I20/MAX($J$20:$J$23) -> 0.76666667 | J28: =J20/MAX($J$20:$J$23) -> 1 | K28: =K20/MAX($M$20:$M$23) -> 0.3 | L28: =L20/MAX($M$20:$M$23) -> 0.5 | M28: =M20/MAX($M$20:$M$23) -> 0.7
A29: А2 | B29: =B21/MAX($D$20:$D$23) -> 0.2 | C29: =C21/MAX($D$20:$D$23) -> 0.63333333 | D29: =D21/MAX($D$20:$D$23) -> 0.9 | E29: =MIN($E$20:$E$23)/G21 -> 0.22222222 | F29: =MIN($E$20:$E$23)/F21 -> 0.35294118 | G29: =MIN($E$20:$E$23)/E21 -> 1 | H29: =H21/MAX($J$20:$J$23) -> 0.5 | I29: =I21/MAX($J$20:$J$23) -> 0.8 | J29: =J21/MAX($J$20:$J$23) -> 1 | K29: =K21/MAX($M$20:$M$23) -> 0.3 | L29: =L21/MAX($M$20:$M$23) -> 0.7 | M29: =M21/MAX($M$20:$M$23) -> 0.9
A30: А3 | B30: =B22/MAX($D$20:$D$23) -> 0.2 | C30: =C22/MAX($D$20:$D$23) -> 0.5 | D30: =D22/MAX($D$20:$D$23) -> 0.7 | E30: =MIN($E$20:$E$23)/G22 -> 0.2 | F30: =MIN($E$20:$E$23)/F22 -> 0.26086957 | G30: =MIN($E$20:$E$23)/E22 -> 0.5 | H30: =H22/MAX($J$20:$J$23) -> 0.4 | I30: =I22/MAX($J$20:$J$23) -> 0.56666667 | J30: =J22/MAX($J$20:$J$23) -> 0.8 | K30: =K22/MAX($M$20:$M$23) -> 0.5 | L30: =L22/MAX($M$20:$M$23) -> 0.7 | M30: =M22/MAX($M$20:$M$23) -> 0.9
A31: А4 | B31: =B23/MAX($D$20:$D$23) -> 0.5 | C31: =C23/MAX($D$20:$D$23) -> 0.66666667 | D31: =D23/MAX($D$20:$D$23) -> 0.9 | E31: =MIN($E$20:$E$23)/G23 -> 0.22222222 | F31: =MIN($E$20:$E$23)/F23 -> 0.31578947 | G31: =MIN($E$20:$E$23)/E23 -> 0.5 | H31: =H23/MAX($J$20:$J$23) -> 0.6 | I31: =I23/MAX($J$20:$J$23) -> 0.76666667 | J31: =J23/MAX($J$20:$J$23) -> 0.9 | K31: =K23/MAX($M$20:$M$23) -> 0.6 | L31: =L23/MAX($M$20:$M$23) -> 0.76666667 | M31: =M23/MAX($M$20:$M$23) -> 1
A33: 4. Взвешанная нормализированная матрица решений
A34: Альтернатив | B34: K1 | E34: K2 | H34: K3 | K34: K4
B35: l | C35: m | D35: u | E35: l | F35: m | G35: u | H35: l | I35: m | J35: u | K35: l | L35: m | M35: u
A36: А1 | B36: =B$12*B28 -> 0.24 | C36: =C$12*C28 -> 0.48555556 | D36: =D$12*D28 -> 0.9 | E36: =B$13*E28 -> 0.088888889 | F36: =C$13*F28 -> 0.24 | G36: =D$13*G28 -> 0.66666667 | H36: =B$14*H28 -> 0.2 | I36: =C$14*I28 -> 0.58777778 | J36: =D$14*J28 -> 1 | K36: =B$15*K28 -> 0.09 | L36: =C$15*L28 -> 0.31666667 | M36: =D$15*M28 -> 0.49
A37: А2 | B37: =B$12*B29 -> 0.08 | C37: =C$12*C29 -> 0.40111111 | D37: =D$12*D29 -> 0.81 | E37: =B$13*E29 -> 0.088888889 | F37: =C$13*F29 -> 0.28235294 | G37: =D$13*G29 -> 1 | H37: =B$14*H29 -> 0.25 | I37: =C$14*I29 -> 0.61333333 | J37: =D$14*J29 -> 1 | K37: =B$15*K29 -> 0.09 | L37: =C$15*L29 -> 0.44333333 | M37: =D$15*M29 -> 0.63
A38: А3 | B38: =B$12*B30 -> 0.08 | C38: =C$12*C30 -> 0.31666667 | D38: =D$12*D30 -> 0.63 | E38: =B$13*E30 -> 0.08 | F38: =C$13*F30 -> 0.20869565 | G38: =D$13*G30 -> 0.5 | H38: =B$14*H30 -> 0.2 | I38: =C$14*I30 -> 0.43444444 | J38: =D$14*J30 -> 0.8 | K38: =B$15*K30 -> 0.15 | L38: =C$15*L30 -> 0.44333333 | M38: =D$15*M30 -> 0.63
A39: А4 | B39: =B$12*B31 -> 0.2 | C39: =C$12*C31 -> 0.42222222 | D39: =D$12*D31 -> 0.81 | E39: =B$13*E31 -> 0.088888889 | F39: =C$13*F31 -> 0.25263158 | G39: =D$13*G31 -> 0.5 | H39: =B$14*H31 -> 0.3 | I39: =C$14*I31 -> 0.58777778 | J39: =D$14*J31 -> 0.9 | K39: =B$15*K31 -> 0.18 | L39: =C$15*L31 -> 0.48555556 | M39: =D$15*M31 -> 0.7
A40: FPIS(A+) | B40: 1 | C40: 1 | D40: 1 | E40: 1 | F40: 1 | G40: 1 | H40: 1 | I40: 1 | J40: 1 | K40: 1 | L40: 1 | M40: 1
A41: FNIS(A-) | B41: 0 | C41: 0 | D41: 0 | E41: 0 | F41: 0 | G41: 0 | H41: 0 | I41: 0 | J41: 0 | K41: 0 | L41: 0 | M41: 0
A43: 5. Расстояние до идеальных решений и коэффициент близости
A44: Альтернатив | B44: d+(K1) | C44: d+(K2) | D44: d+(K3) | E44: d+(K4) | F44: D+ | G44: d-(K1) | H44: d-(K2) | I44: d-(K3) | J44: d-(K4) | K44: D- | L44: CC | M44: Ранг
A45: А1 | B45: =SQRT((B36-B$40)^2+ (C36-C$40)^2+(D36-D$40)^2) -> 0.92317554 | C45: =SQRT((E36-E$40)^2+ (F36-F$40)^2+(G36-G$40)^2) -> 1.2324101 | D45: =SQRT((H36-H$40)^2+ (I36-I$40)^2+(J36-J$40)^2) -> 0.89995953 | E45: =SQRT((K36-K$40)^2+ (L36-L$40)^2+(M36-M$40)^2) -> 1.2470543 | F45: =SUM(B45:E45) -> 4.3025994 | G45: =SQRT((B36-B$41)^2+ (C36-C$41)^2+(D36-D$41)^2) -> 1.0504114 | H45: =SQRT((E36-E$41)^2+ (F36-F$41)^2+(G36-G$41)^2) -> 0.71410481 | I45: =SQRT((H36-H$41)^2+ (I36-I$41)^2+(J36-J$41)^2) -> 1.1770653 | J45: =SQRT((K36-K$41)^2+ (L36-L$41)^2+(M36-M$41)^2) -> 0.59032006 | K45: =SUM(G45:J45) -> 3.5319016 | L45: =K45/(F45+K45) -> 0.45081385 | M45: =RANK(L45,L45:L48) -> 2
A46: А2 | B46: =SQRT((B37-B$40)^2+ (C37-C$40)^2+(D37-D$40)^2) -> 1.1140772 | C46: =SQRT((E37-E$40)^2+ (F37-F$40)^2+(G37-G$40)^2) -> 1.159802 | D46: =SQRT((H37-H$40)^2+ (I37-I$40)^2+(J37-J$40)^2) -> 0.84380751 | E46: =SQRT((E37-E$40)^2+ (F37-F$40)^2+(G37-G$40)^2) -> 1.159802 | F46: =SUM(B46:E46) -> 4.2774887 | G46: =SQRT((B37-B$41)^2+ (C37-C$41)^2+(D37-D$41)^2) -> 0.90740847 | H46: =SQRT((E37-E$41)^2+ (F37-F$41)^2+(G37-G$41)^2) -> 1.0428923 | I46: =SQRT((H37-H$41)^2+ (I37-I$41)^2+(J37-J$41)^2) -> 1.1994489 | J46: =SQRT((K37-K$41)^2+ (L37-L$41)^2+(M37-M$41)^2) -> 0.77559296 | K46: =SUM(G46:J46) -> 3.9253427 | L46: =K46/(F46+K46) -> 0.47853509 | M46: =RANK(L46,L45:L48) -> 1
A47: А3 | B47: =SQRT((B38-B$40)^2+ (C38-C$40)^2+(D38-D$40)^2) -> 1.204261 | C47: =SQRT((E38-E$40)^2+ (F38-F$40)^2+(G38-G$40)^2) -> 1.3124643 | D47: =SQRT((H38-H$40)^2+ (I38-I$40)^2+(J38-J$40)^2) -> 0.99992654 | E47: =SQRT((E38-E$40)^2+ (F38-F$40)^2+(G38-G$40)^2) -> 1.3124643 | F47: =SUM(B47:E47) -> 4.8291161 | G47: =SQRT((B38-B$41)^2+ (C38-C$41)^2+(D38-D$41)^2) -> 0.70963214 | H47: =SQRT((E38-E$41)^2+ (F38-F$41)^2+(G38-G$41)^2) -> 0.54768045 | I47: =SQRT((H38-H$41)^2+ (I38-I$41)^2+(J38-J$41)^2) -> 0.93206329 | J47: =SQRT((K38-K$41)^2+ (L38-L$41)^2+(M38-M$41)^2) -> 0.78482128 | K47: =SUM(G47:J47) -> 2.9741972 | L47: =K47/(F47+K47) -> 0.38114543 | M47: =RANK(L47,L45:L48) -> 4
A48: А4 | B48: =SQRT((B39-B$40)^2+ (C39-C$40)^2+(D39-D$40)^2) -> 1.0049513 | C48: =SQRT((E39-E$40)^2+ (F39-F$40)^2+(G39-G$40)^2) -> 1.2801105 | D48: =SQRT((H39-H$40)^2+ (I39-I$40)^2+(J39-J$40)^2) -> 0.81849078 | E48: =SQRT((E39-E$40)^2+ (F39-F$40)^2+(G39-G$40)^2) -> 1.2801105 | F48: =SUM(B48:E48) -> 4.3836632 | G48: =SQRT((B39-B$41)^2+ (C39-C$41)^2+(D39-D$41)^2) -> 0.9350784 | H48: =SQRT((E39-E$41)^2+ (F39-F$41)^2+(G39-G$41)^2) -> 0.56720715 | I48: =SQRT((H39-H$41)^2+ (I39-I$41)^2+(J39-J$41)^2) -> 1.116012 | J48: =SQRT((K39-K$41)^2+ (L39-L$41)^2+(M39-M$41)^2) -> 0.87072625 | K48: =SUM(G48:J48) -> 3.4890238 | L48: =K48/(F48+K48) -> 0.44318081 | M48: =RANK(L48,L45:L48) -> 3

Sheet МАИ
A1: Чёткий коллективный МАИ
A2: Попарные сравнения по шкале Саати (1–9) → агрегация AIJ (среднее геометрическое) → расчёт приоритетов → проверка согласованности (CR ≤ 0,1) → итоговый рейтинг.
A4: 1. Альтернативы
A5: Код | B5: Концепции
A6: A1 | B6: Система управления заявками на обслуживание (FixDesk)
A7: A2 | B7: Фитнес-приложение с геймификацией
A8: A3 | B8: Сервис совместного выбора и просмотра фильмов
A9: A4 | B9: Сервис персонализированных погодных рекомендаций
A11: 2. Критерии
A12: Код | B12: Критерий
A13: K1 | B13: Масштабируемость
A14: K2 | B14: Трудоёмкость разработки MVP
A15: K3 | B15: Практическая полезность
A16: K4 | B16: Функциональная уникальность
A18: 3. Групповая матрица сравнения критериев
A19: Код | B19: K1 | C19: K2 | D19: K3 | E19: K4 | F19: Ср. геом. | G19: Приоритет
A20: K1 | B20: =1 -> 1 | C20: =POWER(C84*K84*S84,1/3) -> 0.43679023 | D20: =POWER(D84*L84*T84,1/3) -> 0.5 | E20: =POWER(E84*M84*U84,1/3) -> 0.79370053 | F20: =POWER(PRODUCT(B20:E20),1/4) -> 0.64524537 | G20: =F20/SUM($F$20:$F$23) -> 0.15249664
A21: K2 | B21: =1/C20 -> 2.2894285 | C21: =1 -> 1 | D21: =POWER(D85*L85*T85,1/3) -> 1.259921 | E21: =POWER(E85*M85*U85,1/3) -> 1.8171206 | F21: =POWER(PRODUCT(B21:E21),1/4) -> 1.5130857 | G21: =F21/SUM($F$20:$F$23) -> 0.35760116
A22: K3 | B22: =1/D20 -> 2 | C22: =1/D21 -> 0.79370053 | D22: =1 -> 1 | E22: =POWER(E86*M86*U86,1/3) -> 1.5874011 | F22: =POWER(PRODUCT(B22:E22),1/4) -> 1.259921 | G22: =F22/SUM($F$20:$F$23) -> 0.29776847
A23: K4 | B23: =1/E20 -> 1.259921 | C23: =1/E21 -> 0.55032121 | D23: =1/E22 -> 0.62996052 | E23: =1 -> 1 | F23: =POWER(PRODUCT(B23:E23),1/4) -> 0.81295823 | G23: =F23/SUM($F$20:$F$23) -> 0.19213373
A24: Σ | B24: =SUM(B20:B23) -> 6.5493495 | C24: =SUM(C20:C23) -> 2.780812 | D24: =SUM(D20:D23) -> 3.3898816 | E24: =SUM(E20:E23) -> 5.1982222 | F24: =SUM(F20:F23) -> 4.2312104 | G24: =SUM(G20:G23) -> 1
A25: w | B25: =G20 -> 0.15249664 | C25: =G21 -> 0.35760116 | D25: =G22 -> 0.29776847 | E25: =G23 -> 0.19213373
A26: λmax | B26: =SUMPRODUCT(B24:E24,B25:E25) -> 4.001329 | C26: CI | D26: =(B26-4)/3 -> 0.00044301507 | E26: CR | F26: =D26/0.9 -> 0.00049223897 | G26: =IF(F26<=0.1,"OK","Проверить") -> OK
A28: 4. Групповая матрица A1–A4 по K1 (масштабируемость)
A29: Код | B29: A1 | C29: A2 | D29: A3 | E29: A4 | F29: Ср. геом. | G29: Приоритет
A30: A1 | B30: =1 -> 1 | C30: =POWER(C94*K94*S94,1/3) -> 1.259921 | D30: =POWER(D94*L94*T94,1/3) -> 2.6207414 | E30: =POWER(E94*M94*U94,1/3) -> 1 | F30: =POWER(PRODUCT(B30:E30),1/4) -> 1.3480062 | G30: =F30/SUM($F$30:$F$33) -> 0.31299605
A31: A2 | B31: =1/C30 -> 0.79370053 | C31: =1 -> 1 | D31: =POWER(D95*L95*T95,1/3) -> 2.6207414 | E31: =POWER(E95*M95*U95,1/3) -> 1 | F31: =POWER(PRODUCT(B31:E31),1/4) -> 1.200937 | G31: =F31/SUM($F$30:$F$33) -> 0.27884778
A32: A3 | B32: =1/D30 -> 0.38157141 | C32: =1/D31 -> 0.38157141 | D32: =1 -> 1 | E32: =POWER(E96*M96*U96,1/3) -> 0.38157141 | F32: =POWER(PRODUCT(B32:E32),1/4) -> 0.48549177 | G32: =F32/SUM($F$30:$F$33) -> 0.11272724
A33: A4 | B33: =1/E30 -> 1 | C33: =1/E31 -> 1 | D33: =1/E32 -> 2.6207414 | E33: =1 -> 1 | F33: =POWER(PRODUCT(B33:E33),1/4) -> 1.2723484 | G33: =F33/SUM($F$30:$F$33) -> 0.29542893
A34: Σ | B34: =SUM(B30:B33) -> 3.1752719 | C34: =SUM(C30:C33) -> 3.6414925 | D34: =SUM(D30:D33) -> 8.8622242 | E34: =SUM(E30:E33) -> 3.3815714 | F34: =SUM(F30:F33) -> 4.3067833 | G34: =SUM(G30:G33) -> 1
A35: w | B35: =G30 -> 0.31299605 | C35: =G31 -> 0.27884778 | D35: =G32 -> 0.11272724 | E35: =G33 -> 0.29542893
A36: λmax | B36: =SUMPRODUCT(B34:E34,B35:E35) -> 4.0072977 | C36: CI | D36: =(B36-4)/3 -> 0.0024325791 | E36: CR | F36: =D36/0.9 -> 0.0027028657 | G36: =IF(F36<=0.1,"OK","Проверить") -> OK
A38: 5. Групповая матрица A1–A4 по K2 (трудоёмкость MVP)
A39: Код | B39: A1 | C39: A2 | D39: A3 | E39: A4 | F39: Ср. геом. | G39: Приоритет
A40: A1 | B40: =1 -> 1 | C40: =POWER(C104*K104*S104,1/3) -> 2 | D40: =POWER(D104*L104*T104,1/3) -> 4.6415888 | E40: =POWER(E104*M104*U104,1/3) -> 2 | F40: =POWER(PRODUCT(B40:E40),1/4) -> 2.0757816 | G40: =F40/SUM($F$40:$F$43) -> 0.44770906
A41: A2 | B41: =1/C40 -> 0.5 | C41: =1 -> 1 | D41: =POWER(D105*L105*T105,1/3) -> 2.6207414 | E41: =POWER(E105*M105*U105,1/3) -> 1 | F41: =POWER(PRODUCT(B41:E41),1/4) -> 1.0699132 | G41: =F41/SUM($F$40:$F$43) -> 0.23076119
A42: A3 | B42: =1/D40 -> 0.21544347 | C42: =1/D41 -> 0.38157141 | D42: =1 -> 1 | E42: =POWER(E106*M106*U106,1/3) -> 0.38157141 | F42: =POWER(PRODUCT(B42:E42),1/4) -> 0.42084411 | G42: =F42/SUM($F$40:$F$43) -> 0.090768565
A43: A4 | B43: =1/E40 -> 0.5 | C43: =1/E41 -> 1 | D43: =1/E42 -> 2.6207414 | E43: =1 -> 1 | F43: =POWER(PRODUCT(B43:E43),1/4) -> 1.0699132 | G43: =F43/SUM($F$40:$F$43) -> 0.23076119
A44: Σ | B44: =SUM(B40:B43) -> 2.2154435 | C44: =SUM(C40:C43) -> 4.3815714 | D44: =SUM(D40:D43) -> 10.883072 | E44: =SUM(E40:E43) -> 4.3815714 | F44: =SUM(F40:F43) -> 4.6364521 | G44: =SUM(G40:G43) -> 1
A45: w | B45: =G40 -> 0.44770906 | C45: =G41 -> 0.23076119 | D45: =G42 -> 0.090768565 | E45: =G43 -> 0.23076119
A46: λmax | B46: =SUMPRODUCT(B44:E44,B45:E45) -> 4.0019081 | C46: CI | D46: =(B46-4)/3 -> 0.00063604937 | E46: CR | F46: =D46/0.9 -> 0.00070672152 | G46: =IF(F46<=0.1,"OK","Проверить") -> OK
A48: 6. Групповая матрица A1–A4 по K3 (практическая полезность)
A49: Код | B49: A1 | C49: A2 | D49: A3 | E49: A4 | F49: Ср. геом. | G49: Приоритет
A50: A1 | B50: =1 -> 1 | C50: =POWER(C114*K114*S114,1/3) -> 0.5 | D50: =POWER(D114*L114*T114,1/3) -> 3 | E50: =POWER(E114*M114*U114,1/3) -> 1 | F50: =POWER(PRODUCT(B50:E50),1/4) -> 1.1066819 | G50: =F50/SUM($F$50:$F$53) -> 0.24663954
A51: A2 | B51: =1/C50 -> 2 | C51: =1 -> 1 | D51: =POWER(D115*L115*T115,1/3) -> 3.3019272 | E51: =POWER(E115*M115*U115,1/3) -> 2 | F51: =POWER(PRODUCT(B51:E51),1/4) -> 1.9063686 | G51: =F51/SUM($F$50:$F$53) -> 0.4248609
A52: A3 | B52: =1/D50 -> 0.33333333 | C52: =1/D51 -> 0.30285343 | D52: =1 -> 1 | E52: =POWER(E116*M116*U116,1/3) -> 0.5 | F52: =POWER(PRODUCT(B52:E52),1/4) -> 0.47399124 | G52: =F52/SUM($F$50:$F$53) -> 0.10563558
A53: A4 | B53: =1/E50 -> 1 | C53: =1/E51 -> 0.5 | D53: =1/E52 -> 2 | E53: =1 -> 1 | F53: =POWER(PRODUCT(B53:E53),1/4) -> 1 | G53: =F53/SUM($F$50:$F$53) -> 0.22286398
A54: Σ | B54: =SUM(B50:B53) -> 4.3333333 | C54: =SUM(C50:C53) -> 2.3028534 | D54: =SUM(D50:D53) -> 9.3019272 | E54: =SUM(E50:E53) -> 4.5 | F54: =SUM(F50:F53) -> 4.4870417 | G54: =SUM(G50:G53) -> 1
A55: w | B55: =G50 -> 0.24663954 | C55: =G51 -> 0.4248609 | D55: =G52 -> 0.10563558 | E55: =G53 -> 0.22286398
A56: λmax | B56: =SUMPRODUCT(B54:E54,B55:E55) -> 4.0326661 | C56: CI | D56: =(B56-4)/3 -> 0.010888698 | E56: CR | F56: =D56/0.9 -> 0.012098553 | G56: =IF(F56<=0.1,"OK","Проверить") -> OK
A58: 7. Групповая матрица A1–A4 по K4 (уникальность)
A59: Код | B59: A1 | C59: A2 | D59: A3 | E59: A4 | F59: Ср. геом. | G59: Приоритет
A60: A1 | B60: =1 -> 1 | C60: =POWER(C124*K124*S124,1/3) -> 0.38157141 | D60: =POWER(D124*L124*T124,1/3) -> 0.5 | E60: =POWER(E124*M124*U124,1/3) -> 0.33333333 | F60: =POWER(PRODUCT(B60:E60),1/4) -> 0.50217622 | G60: =F60/SUM($F$60:$F$63) -> 0.11594026
A61: A2 | B61: =1/C60 -> 2.6207414 | C61: =1 -> 1 | D61: =POWER(D125*L125*T125,1/3) -> 2 | E61: =POWER(E125*M125*U125,1/3) -> 1 | F61: =POWER(PRODUCT(B61:E61),1/4) -> 1.5130857 | G61: =F61/SUM($F$60:$F$63) -> 0.34933465
A62: A3 | B62: =1/D60 -> 2 | C62: =1/D61 -> 0.5 | D62: =1 -> 1 | E62: =POWER(E126*M126*U126,1/3) -> 1 | F62: =POWER(PRODUCT(B62:E62),1/4) -> 1 | G62: =F62/SUM($F$60:$F$63) -> 0.23087565
A63: A4 | B63: =1/E60 -> 3 | C63: =1/E61 -> 1 | D63: =1/E62 -> 1 | E63: =1 -> 1 | F63: =POWER(PRODUCT(B63:E63),1/4) -> 1.316074 | G63: =F63/SUM($F$60:$F$63) -> 0.30384944
A64: Σ | B64: =SUM(B60:B63) -> 8.6207414 | C64: =SUM(C60:C63) -> 2.8815714 | D64: =SUM(D60:D63) -> 4.5 | E64: =SUM(E60:E63) -> 3.3333333 | F64: =SUM(F60:F63) -> 4.331336 | G64: =SUM(G60:G63) -> 1
A65: w | B65: =G60 -> 0.11594026 | C65: =G61 -> 0.34933465 | D65: =G62 -> 0.23087565 | E65: =G63 -> 0.30384944
A66: λmax | B66: =SUMPRODUCT(B64:E64,B65:E65) -> 4.0578956 | C66: CI | D66: =(B66-4)/3 -> 0.019298543 | E66: CR | F66: =D66/0.9 -> 0.021442826 | G66: =IF(F66<=0.1,"OK","Проверить") -> OK
A68: 8. Итоговые приоритеты альтернатив
A69: Код | B69: K1 | C69: K2 | D69: K3 | E69: K4 | F69: Приоритет | G69: Место
A70: Вес критерия | B70: =G20 -> 0.15249664 | C70: =G21 -> 0.35760116 | D70: =G22 -> 0.29776847 | E70: =G23 -> 0.19213373
A71: A1 | B71: =G30 -> 0.31299605 | C71: =G40 -> 0.44770906 | D71: =G50 -> 0.24663954 | E71: =G60 -> 0.11594026 | F71: =SUMPRODUCT($B$70:$E$70,B71:E71) -> 0.30354964 | G71: =RANK(F71,$F$71:$F$74,0) -> 2
A72: A2 | B72: =G31 -> 0.27884778 | C72: =G41 -> 0.23076119 | D72: =G51 -> 0.4248609 | E72: =G61 -> 0.34933465 | F72: =SUMPRODUCT($B$70:$E$70,B72:E72) -> 0.31867297 | G72: =RANK(F72,$F$71:$F$74,0) -> 1
A73: A3 | B73: =G32 -> 0.11272724 | C73: =G42 -> 0.090768565 | D73: =G52 -> 0.10563558 | E73: =G62 -> 0.23087565 | F73: =SUMPRODUCT($B$70:$E$70,B73:E73) -> 0.12546341 | G73: =RANK(F73,$F$71:$F$74,0) -> 4
A74: A4 | B74: =G33 -> 0.29542893 | C74: =G43 -> 0.23076119 | D74: =G53 -> 0.22286398 | E74: =G63 -> 0.30384944 | F74: =SUMPRODUCT($B$70:$E$70,B74:E74) -> 0.25231398 | G74: =RANK(F74,$F$71:$F$74,0) -> 3
A75: Σ | F75: =SUM(F71:F74) -> 1
A76: Победитель | B76: {=INDEX(A71:A74,MATCH(MAX(F71:F74),F71:F74,0))} -> A2
A79: 9. Матрицы экспертов
A81: Бохолдин Д.Ю. | I81: Шульга Н.О. | Q81: Ушаков Д.С.
A82: Критерии | I82: Критерии | Q82: Критерии
A83: Код | B83: K1 | C83: K2 | D83: K3 | E83: K4 | F83: Ср. геом. | G83: Приоритет | I83: Код | J83: K1 | K83: K2 | L83: K3 | M83: K4 | N83: Ср. геом. | O83: Приоритет | Q83: Код | R83: K1 | S83: K2 | T83: K3 | U83: K4 | V83: Ср. геом. | W83: Приоритет
A84: K1 | B84: =1 -> 1 | C84: =1/2 -> 0.5 | D84: =1/2 -> 0.5 | E84: =1/2 -> 0.5 | F84: =POWER(PRODUCT(B84:E84),1/4) -> 0.59460356 | G84: =F84/SUM($F$84:$F$87) -> 0.14285714 | I84: K1 | J84: =1 -> 1 | K84: =1/3 -> 0.33333333 | L84: =1/2 -> 0.5 | M84: =1 -> 1 | N84: =POWER(PRODUCT(J84:M84),1/4) -> 0.6389431 | O84: =N84/SUM($N$84:$N$87) -> 0.14114486 | Q84: K1 | R84: =1 -> 1 | S84: =1/2 -> 0.5 | T84: =1/2 -> 0.5 | U84: =1 -> 1 | V84: =POWER(PRODUCT(R84:U84),1/4) -> 0.70710678 | W84: =V84/SUM($V$84:$V$87) -> 0.16666667
A85: K2 | B85: =1/C84 -> 2 | C85: =1 -> 1 | D85: =1 -> 1 | E85: =1 -> 1 | F85: =POWER(PRODUCT(B85:E85),1/4) -> 1.1892071 | G85: =F85/SUM($F$84:$F$87) -> 0.28571429 | I85: K2 | J85: =1/K84 -> 3 | K85: =1 -> 1 | L85: =2 -> 2 | M85: =3 -> 3 | N85: =POWER(PRODUCT(J85:M85),1/4) -> 2.0597671 | O85: =N85/SUM($N$84:$N$87) -> 0.45501008 | Q85: K2 | R85: =1/S84 -> 2 | S85: =1 -> 1 | T85: =1 -> 1 | U85: =2 -> 2 | V85: =POWER(PRODUCT(R85:U85),1/4) -> 1.4142136 | W85: =V85/SUM($V$84:$V$87) -> 0.33333333
A86: K3 | B86: =1/D84 -> 2 | C86: =1/D85 -> 1 | D86: =1 -> 1 | E86: =1 -> 1 | F86: =POWER(PRODUCT(B86:E86),1/4) -> 1.1892071 | G86: =F86/SUM($F$84:$F$87) -> 0.28571429 | I86: K3 | J86: =1/L84 -> 2 | K86: =1/L85 -> 0.5 | L86: =1 -> 1 | M86: =2 -> 2 | N86: =POWER(PRODUCT(J86:M86),1/4) -> 1.1892071 | O86: =N86/SUM($N$84:$N$87) -> 0.26270019 | Q86: K3 | R86: =1/T84 -> 2 | S86: =1/T85 -> 1 | T86: =1 -> 1 | U86: =2 -> 2 | V86: =POWER(PRODUCT(R86:U86),1/4) -> 1.4142136 | W86: =V86/SUM($V$84:$V$87) -> 0.33333333
A87: K4 | B87: =1/E84 -> 2 | C87: =1/E85 -> 1 | D87: =1/E86 -> 1 | E87: =1 -> 1 | F87: =POWER(PRODUCT(B87:E87),1/4) -> 1.1892071 | G87: =F87/SUM($F$84:$F$87) -> 0.28571429 | I87: K4 | J87: =1/M84 -> 1 | K87: =1/M85 -> 0.33333333 | L87: =1/M86 -> 0.5 | M87: =1 -> 1 | N87: =POWER(PRODUCT(J87:M87),1/4) -> 0.6389431 | O87: =N87/SUM($N$84:$N$87) -> 0.14114486 | Q87: K4 | R87: =1/U84 -> 1 | S87: =1/U85 -> 0.5 | T87: =1/U86 -> 0.5 | U87: =1 -> 1 | V87: =POWER(PRODUCT(R87:U87),1/4) -> 0.70710678 | W87: =V87/SUM($V$84:$V$87) -> 0.16666667
A88: Σ | B88: =SUM(B84:B87) -> 7 | C88: =SUM(C84:C87) -> 3.5 | D88: =SUM(D84:D87) -> 3.5 | E88: =SUM(E84:E87) -> 3.5 | F88: =SUM(F84:F87) -> 4.1622249 | G88: =SUM(G84:G87) -> 1 | I88: Σ | J88: =SUM(J84:J87) -> 7 | K88: =SUM(K84:K87) -> 2.1666667 | L88: =SUM(L84:L87) -> 4 | M88: =SUM(M84:M87) -> 7 | N88: =SUM(N84:N87) -> 4.5268605 | O88: =SUM(O84:O87) -> 1 | Q88: Σ | R88: =SUM(R84:R87) -> 6 | S88: =SUM(S84:S87) -> 3 | T88: =SUM(T84:T87) -> 3 | U88: =SUM(U84:U87) -> 6 | V88: =SUM(V84:V87) -> 4.2426407 | W88: =SUM(W84:W87) -> 1
A89: w | B89: =G84 -> 0.14285714 | C89: =G85 -> 0.28571429 | D89: =G86 -> 0.28571429 | E89: =G87 -> 0.28571429 | I89: w | J89: =O84 -> 0.14114486 | K89: =O85 -> 0.45501008 | L89: =O86 -> 0.26270019 | M89: =O87 -> 0.14114486 | Q89: w | R89: =W84 -> 0.16666667 | S89: =W85 -> 0.33333333 | T89: =W86 -> 0.33333333 | U89: =W87 -> 0.16666667
A90: λmax | B90: =SUMPRODUCT(B88:E88,B89:E89) -> 4 | C90: CI | D90: =(B90-4)/3 -> 0 | E90: CR | F90: =D90/0.9 -> 0 | G90: =IF(F90<=0.1,"OK","Проверить") -> OK | I90: λmax | J90: =SUMPRODUCT(J88:M88,J89:M89) -> 4.012684 | K90: CI | L90: =(J90-4)/3 -> 0.004228012 | M90: CR | N90: =L90/0.9 -> 0.0046977912 | O90: =IF(N90<=0.1,"OK","Проверить") -> OK | Q90: λmax | R90: =SUMPRODUCT(R88:U88,R89:U89) -> 4 | S90: CI | T90: =(R90-4)/3 -> 0 | U90: CR | V90: =T90/0.9 -> 0 | W90: =IF(V90<=0.1,"OK","Проверить") -> OK
A92: Альтернативы по K1 | I92: Альтернативы по K1 | Q92: Альтернативы по K1
A93: Код | B93: A1 | C93: A2 | D93: A3 | E93: A4 | F93: Ср. геом. | G93: Приоритет | I93: Код | J93: A1 | K93: A2 | L93: A3 | M93: A4 | N93: Ср. геом. | O93: Приоритет | Q93: Код | R93: A1 | S93: A2 | T93: A3 | U93: A4 | V93: Ср. геом. | W93: Приоритет
A94: A1 | B94: =1 -> 1 | C94: =2 -> 2 | D94: =3 -> 3 | E94: =1 -> 1 | F94: =POWER(PRODUCT(B94:E94),1/4) -> 1.5650846 | G94: =F94/SUM($F$94:$F$97) -> 0.35841765 | I94: A1 | J94: =1 -> 1 | K94: =1 -> 1 | L94: =3 -> 3 | M94: =1 -> 1 | N94: =POWER(PRODUCT(J94:M94),1/4) -> 1.316074 | O94: =N94/SUM($N$94:$N$97) -> 0.3 | Q94: A1 | R94: =1 -> 1 | S94: =1 -> 1 | T94: =2 -> 2 | U94: =1 -> 1 | V94: =POWER(PRODUCT(R94:U94),1/4) -> 1.1892071 | W94: =V94/SUM($V$94:$V$97) -> 0.28101863
A95: A2 | B95: =1/C94 -> 0.5 | C95: =1 -> 1 | D95: =2 -> 2 | E95: =1 -> 1 | F95: =POWER(PRODUCT(B95:E95),1/4) -> 1 | G95: =F95/SUM($F$94:$F$97) -> 0.22900849 | I95: A2 | J95: =1/K94 -> 1 | K95: =1 -> 1 | L95: =3 -> 3 | M95: =1 -> 1 | N95: =POWER(PRODUCT(J95:M95),1/4) -> 1.316074 | O95: =N95/SUM($N$94:$N$97) -> 0.3 | Q95: A2 | R95: =1/S94 -> 1 | S95: =1 -> 1 | T95: =3 -> 3 | U95: =1 -> 1 | V95: =POWER(PRODUCT(R95:U95),1/4) -> 1.316074 | W95: =V95/SUM($V$94:$V$97) -> 0.31099824
A96: A3 | B96: =1/D94 -> 0.33333333 | C96: =1/D95 -> 0.5 | D96: =1 -> 1 | E96: =1/3 -> 0.33333333 | F96: =POWER(PRODUCT(B96:E96),1/4) -> 0.48549177 | G96: =F96/SUM($F$94:$F$97) -> 0.11118174 | I96: A3 | J96: =1/L94 -> 0.33333333 | K96: =1/L95 -> 0.33333333 | L96: =1 -> 1 | M96: =1/3 -> 0.33333333 | N96: =POWER(PRODUCT(J96:M96),1/4) -> 0.43869134 | O96: =N96/SUM($N$94:$N$97) -> 0.1 | Q96: A3 | R96: =1/T94 -> 0.5 | S96: =1/T95 -> 0.33333333 | T96: =1 -> 1 | U96: =1/2 -> 0.5 | V96: =POWER(PRODUCT(R96:U96),1/4) -> 0.53728497 | W96: =V96/SUM($V$94:$V$97) -> 0.1269645
A97: A4 | B97: =1/E94 -> 1 | C97: =1/E95 -> 1 | D97: =1/E96 -> 3 | E97: =1 -> 1 | F97: =POWER(PRODUCT(B97:E97),1/4) -> 1.316074 | G97: =F97/SUM($F$94:$F$97) -> 0.30139212 | I97: A4 | J97: =1/M94 -> 1 | K97: =1/M95 -> 1 | L97: =1/M96 -> 3 | M97: =1 -> 1 | N97: =POWER(PRODUCT(J97:M97),1/4) -> 1.316074 | O97: =N97/SUM($N$94:$N$97) -> 0.3 | Q97: A4 | R97: =1/U94 -> 1 | S97: =1/U95 -> 1 | T97: =1/U96 -> 2 | U97: =1 -> 1 | V97: =POWER(PRODUCT(R97:U97),1/4) -> 1.1892071 | W97: =V97/SUM($V$94:$V$97) -> 0.28101863
A98: Σ | B98: =SUM(B94:B97) -> 2.8333333 | C98: =SUM(C94:C97) -> 4.5 | D98: =SUM(D94:D97) -> 9 | E98: =SUM(E94:E97) -> 3.3333333 | F98: =SUM(F94:F97) -> 4.3666504 | G98: =SUM(G94:G97) -> 1 | I98: Σ | J98: =SUM(J94:J97) -> 3.3333333 | K98: =SUM(K94:K97) -> 3.3333333 | L98: =SUM(L94:L97) -> 10 | M98: =SUM(M94:M97) -> 3.3333333 | N98: =SUM(N94:N97) -> 4.3869134 | O98: =SUM(O94:O97) -> 1 | Q98: Σ | R98: =SUM(R94:R97) -> 3.5 | S98: =SUM(S94:S97) -> 3.3333333 | T98: =SUM(T94:T97) -> 8 | U98: =SUM(U94:U97) -> 3.5 | V98: =SUM(V94:V97) -> 4.2317732 | W98: =SUM(W94:W97) -> 1
A99: w | B99: =G94 -> 0.35841765 | C99: =G95 -> 0.22900849 | D99: =G96 -> 0.11118174 | E99: =G97 -> 0.30139212 | I99: w | J99: =O94 -> 0.3 | K99: =O95 -> 0.3 | L99: =O96 -> 0.1 | M99: =O97 -> 0.3 | Q99: w | R99: =W94 -> 0.28101863 | S99: =W95 -> 0.31099824 | T99: =W96 -> 0.1269645 | U99: =W97 -> 0.28101863
A100: λmax | B100: =SUMPRODUCT(B98:E98,B99:E99) -> 4.0513309 | C100: CI | D100: =(B100-4)/3 -> 0.017110306 | E100: CR | F100: =D100/0.9 -> 0.019011451 | G100: =IF(F100<=0.1,"OK","Проверить") -> OK | I100: λmax | J100: =SUMPRODUCT(J98:M98,J99:M99) -> 4 | K100: CI | L100: =(J100-4)/3 -> 0 | M100: CR | N100: =L100/0.9 -> 0 | O100: =IF(N100<=0.1,"OK","Проверить") -> OK | Q100: λmax | R100: =SUMPRODUCT(R98:U98,R99:U99) -> 4.0195072 | S100: CI | T100: =(R100-4)/3 -> 0.0065024021 | U100: CR | V100: =T100/0.9 -> 0.0072248913 | W100: =IF(V100<=0.1,"OK","Проверить") -> OK
A102: Альтернативы по K2 | I102: Альтернативы по K2 | Q102: Альтернативы по K2
A103: Код | B103: A1 | C103: A2 | D103: A3 | E103: A4 | F103: Ср. геом. | G103: Приоритет | I103: Код | J103: A1 | K103: A2 | L103: A3 | M103: A4 | N103: Ср. геом. | O103: Приоритет | Q103: Код | R103: A1 | S103: A2 | T103: A3 | U103: A4 | V103: Ср. геом. | W103: Приоритет
A104: A1 | B104: =1 -> 1 | C104: =2 -> 2 | D104: =5 -> 5 | E104: =2 -> 2 | F104: =POWER(PRODUCT(B104:E104),1/4) -> 2.1147425 | G104: =F104/SUM($F$104:$F$107) -> 0.4549094 | I104: A1 | J104: =1 -> 1 | K104: =2 -> 2 | L104: =5 -> 5 | M104: =2 -> 2 | N104: =POWER(PRODUCT(J104:M104),1/4) -> 2.1147425 | O104: =N104/SUM($N$104:$N$107) -> 0.44858955 | Q104: A1 | R104: =1 -> 1 | S104: =2 -> 2 | T104: =4 -> 4 | U104: =2 -> 2 | V104: =POWER(PRODUCT(R104:U104),1/4) -> 2 | W104: =V104/SUM($V$104:$V$107) -> 0.43874246
A105: A2 | B105: =1/C104 -> 0.5 | C105: =1 -> 1 | D105: =2 -> 2 | E105: =1 -> 1 | F105: =POWER(PRODUCT(B105:E105),1/4) -> 1 | G105: =F105/SUM($F$104:$F$107) -> 0.21511337 | I105: A2 | J105: =1/K104 -> 0.5 | K105: =1 -> 1 | L105: =3 -> 3 | M105: =1 -> 1 | N105: =POWER(PRODUCT(J105:M105),1/4) -> 1.1066819 | O105: =N105/SUM($N$104:$N$107) -> 0.23475479 | Q105: A2 | R105: =1/S104 -> 0.5 | S105: =1 -> 1 | T105: =3 -> 3 | U105: =1 -> 1 | V105: =POWER(PRODUCT(R105:U105),1/4) -> 1.1066819 | W105: =V105/SUM($V$104:$V$107) -> 0.24277417
A106: A3 | B106: =1/D104 -> 0.2 | C106: =1/D105 -> 0.5 | D106: =1 -> 1 | E106: =1/3 -> 0.33333333 | F106: =POWER(PRODUCT(B106:E106),1/4) -> 0.42728701 | G106: =F106/SUM($F$104:$F$107) -> 0.091915149 | I106: A3 | J106: =1/L104 -> 0.2 | K106: =1/L105 -> 0.33333333 | L106: =1 -> 1 | M106: =1/3 -> 0.33333333 | N106: =POWER(PRODUCT(J106:M106),1/4) -> 0.3860974 | O106: =N106/SUM($N$104:$N$107) -> 0.081900871 | Q106: A3 | R106: =1/T104 -> 0.25 | S106: =1/T105 -> 0.33333333 | T106: =1 -> 1 | U106: =1/2 -> 0.5 | V106: =POWER(PRODUCT(R106:U106),1/4) -> 0.451801 | W106: =V106/SUM($V$104:$V$107) -> 0.099112141
A107: A4 | B107: =1/E104 -> 0.5 | C107: =1/E105 -> 1 | D107: =1/E106 -> 3 | E107: =1 -> 1 | F107: =POWER(PRODUCT(B107:E107),1/4) -> 1.1066819 | G107: =F107/SUM($F$104:$F$107) -> 0.23806208 | I107: A4 | J107: =1/M104 -> 0.5 | K107: =1/M105 -> 1 | L107: =1/M106 -> 3 | M107: =1 -> 1 | N107: =POWER(PRODUCT(J107:M107),1/4) -> 1.1066819 | O107: =N107/SUM($N$104:$N$107) -> 0.23475479 | Q107: A4 | R107: =1/U104 -> 0.5 | S107: =1/U105 -> 1 | T107: =1/U106 -> 2 | U107: =1 -> 1 | V107: =POWER(PRODUCT(R107:U107),1/4) -> 1 | W107: =V107/SUM($V$104:$V$107) -> 0.21937123
A108: Σ | B108: =SUM(B104:B107) -> 2.2 | C108: =SUM(C104:C107) -> 4.5 | D108: =SUM(D104:D107) -> 11 | E108: =SUM(E104:E107) -> 4.3333333 | F108: =SUM(F104:F107) -> 4.6487115 | G108: =SUM(G104:G107) -> 1 | I108: Σ | J108: =SUM(J104:J107) -> 2.2 | K108: =SUM(K104:K107) -> 4.3333333 | L108: =SUM(L104:L107) -> 12 | M108: =SUM(M104:M107) -> 4.3333333 | N108: =SUM(N104:N107) -> 4.7142038 | O108: =SUM(O104:O107) -> 1 | Q108: Σ | R108: =SUM(R104:R107) -> 2.25 | S108: =SUM(S104:S107) -> 4.3333333 | T108: =SUM(T104:T107) -> 10 | U108: =SUM(U104:U107) -> 4.5 | V108: =SUM(V104:V107) -> 4.5584829 | W108: =SUM(W104:W107) -> 1
A109: w | B109: =G104 -> 0.4549094 | C109: =G105 -> 0.21511337 | D109: =G106 -> 0.091915149 | E109: =G107 -> 0.23806208 | I109: w | J109: =O104 -> 0.44858955 | K109: =O105 -> 0.23475479 | L109: =O106 -> 0.081900871 | M109: =O107 -> 0.23475479 | Q109: w | R109: =W104 -> 0.43874246 | S109: =W105 -> 0.24277417 | T109: =W106 -> 0.099112141 | U109: =W107 -> 0.21937123
A110: λmax | B110: =SUMPRODUCT(B108:E108,B109:E109) -> 4.0114798 | C110: CI | D110: =(B110-4)/3 -> 0.0038266138 | E110: CR | F110: =D110/0.9 -> 0.0042517931 | G110: =IF(F110<=0.1,"OK","Проверить") -> OK | I110: λmax | J110: =SUMPRODUCT(J108:M108,J109:M109) -> 4.004249 | K110: CI | L110: =(J110-4)/3 -> 0.0014163268 | M110: CR | N110: =L110/0.9 -> 0.0015736964 | O110: =IF(N110<=0.1,"OK","Проверить") -> OK | Q110: λmax | R110: =SUMPRODUCT(R108:U108,R109:U109) -> 4.0174839 | S110: CI | T110: =(R110-4)/3 -> 0.0058279611 | U110: CR | V110: =T110/0.9 -> 0.0064755124 | W110: =IF(V110<=0.1,"OK","Проверить") -> OK
A112: Альтернативы по K3 | I112: Альтернативы по K3 | Q112: Альтернативы по K3
A113: Код | B113: A1 | C113: A2 | D113: A3 | E113: A4 | F113: Ср. геом. | G113: Приоритет | I113: Код | J113: A1 | K113: A2 | L113: A3 | M113: A4 | N113: Ср. геом. | O113: Приоритет | Q113: Код | R113: A1 | S113: A2 | T113: A3 | U113: A4 | V113: Ср. геом. | W113: Приоритет
A114: A1 | B114: =1 -> 1 | C114: =1/2 -> 0.5 | D114: =3 -> 3 | E114: =1 -> 1 | F114: =POWER(PRODUCT(B114:E114),1/4) -> 1.1066819 | G114: =F114/SUM($F$114:$F$117) -> 0.24277417 | I114: A1 | J114: =1 -> 1 | K114: =1/2 -> 0.5 | L114: =3 -> 3 | M114: =1 -> 1 | N114: =POWER(PRODUCT(J114:M114),1/4) -> 1.1066819 | O114: =N114/SUM($N$114:$N$117) -> 0.24850362 | Q114: A1 | R114: =1 -> 1 | S114: =1/2 -> 0.5 | T114: =3 -> 3 | U114: =1 -> 1 | V114: =POWER(PRODUCT(R114:U114),1/4) -> 1.1066819 | W114: =V114/SUM($V$114:$V$117) -> 0.24850362
...

Sheet Итоги
A1: Фаза 1: Итоги выбора концепции
A3: 1. Сравнение результатов двух методов
A4: Код | B4: Концепции | F4: CC TOPSIS | G4: Место TOPSIS | H4: Приоритет МАИ | I4: Место МАИ
A5: A1 | B5: ='Концепции и оценки'!B5 -> Система управления заявками на обслуживание | F5: =Topsis!L45 -> 0.45081385 | G5: =Topsis!M45 -> 2 | H5: ='МАИ'!F71 -> 0.30354964 | I5: ='МАИ'!G71 -> 2
A6: A2 | B6: ='Концепции и оценки'!B6 -> Фитнес-приложение с геймификацией | F6: =Topsis!L46 -> 0.47853509 | G6: =Topsis!M46 -> 1 | H6: ='МАИ'!F72 -> 0.31867297 | I6: ='МАИ'!G72 -> 1
A7: A3 | B7: ='Концепции и оценки'!B7 -> Сервис совместного выбора и просмотра фильмов | F7: =Topsis!L47 -> 0.38114543 | G7: =Topsis!M47 -> 4 | H7: ='МАИ'!F73 -> 0.12546341 | I7: ='МАИ'!G73 -> 4
A8: A4 | B8: ='Концепции и оценки'!B8 -> Сервис персонализированных погодных рекомендаций | F8: =Topsis!L48 -> 0.44318081 | G8: =Topsis!M48 -> 3 | H8: ='МАИ'!F74 -> 0.25231398 | I8: ='МАИ'!G74 -> 3
A11: Победитель TOPSIS | D11: {=INDEX($B$5:$B$8,MATCH(1,$G$5:$G$8,0))} -> Фитнес-приложение с геймификацией
A12: Победитель МАИ | D12: {=INDEX($B$5:$B$8,MATCH(1,$I$5:$I$8,0))} -> Фитнес-приложение с геймификацией
